<?xml version="1.0" encoding="ISO-8859-1"?>
<DATA>
 <TransformScript>
  <OtherComments>
   <Content>Light to Very Light
This script changes a Light font to Very Light stroke weight. 
After running it you may need to increase the weight of serifs, correct intersecting contours, and change the Panose classification.</Content>
  </OtherComments>
  <OutlineScale>
   <AroundType>2</AroundType>
   <AroundCorner>0</AroundCorner>
   <AroundXPos>0</AroundXPos>
   <AroundYPos>0</AroundYPos>
   <Horizontal>97.00</Horizontal>
   <Vertical>101.07</Vertical>
   <PreserveBearings>TRUE</PreserveBearings>
  </OutlineScale>
  <EffectsThin>
   <Horizontal>10</Horizontal>
   <Vertical>8</Vertical>
   <PreserveBearings>TRUE</PreserveBearings>
  </EffectsThin>
  <OutlineMove>
   <Horizontal>0</Horizontal>
   <Vertical>-8</Vertical>
  </OutlineMove>
  <MetricsLeftSideBearing>
  </MetricsLeftSideBearing>
 </TransformScript>
</DATA>
